location,salary,sales,person
London,91684,372302,Mrs. Teresa Allen
New York,119679,495660,Nicholas Black
Brussels,82045,320453,Krystal Hicks
New York,92949,377148,Penny Ramsey
Brussels,71280,312802,Michelle Stevens
London,102401,366451,Gerald Villanueva
New York,77548,230899,Elizabeth Jackson
London,81966,265915,Penny Howell
New York,72844,308443,Renee Morris
New York,96731,326667,Marie Craig
New York,73508,251044,Jacqueline Wheeler
New York,97841,382063,Brittany Jones
London,82719,245873,Brooke Sandoval
London,98070,410695,Christine Lee
London,94604,448108,Edwin Jones
New York,105864,427161,Rebecca Wilkerson
London,79103,306233,Lisa Delgado
London,70834,156285,Daniel Ritter
London,109279,463564,Julie Larson
London,77126,265805,Mathew Mitchell
London,100478,427419,Isabel Taylor
New York,120849,558487,Bob Benitez
New York,104805,336595,Lauren Thomas
Berlin,101064,400527,Patrick Martinez
Berlin,93307,283069,Shannon Hawkins
London,79557,212808,Curtis Torres
London,103623,422598,Charles Macias
New York,103102,438227,Haley Anderson
Brussels,90624,420492,Elizabeth Hester
Brussels,86992,310245,Alyssa King
Berlin,107167,313303,Debra Brown
New York,109170,427319,David Marshall
London,77464,354637,Tammy West
London,75556,297414,David Mullins
London,71739,210932,Brian Wilson
New York,71754,217540,Emily Berg
New York,82212,244004,Samantha Griffin
Berlin,72889,257228,Madison Hughes
Berlin,103149,280413,Savannah Hamilton
Brussels,83792,288378,Sarah Hendrix
New York,98668,233192,John Whitney Jr.
New York,87697,340058,Glenda Olson
New York,72061,229358,Cindy Rogers
New York,89007,348234,Timothy Barnes
Berlin,106439,384153,Nathan Jones
New York,116489,434805,Charles Wolf
Berlin,102285,374537,Aaron Greene
New York,117441,405411,Tiffany Herrera
London,70683,224062,Sara Hernandez
London,73325,247375,Sierra Torres
London,102889,438892,Charles Burns
London,128685,539715,Valerie Sullivan
New York,122039,475393,Gregory Hoover
New York,94155,324122,Kelly Burch
London,91294,372939,Brian Singleton
Berlin,94787,375361,Amy Johnson
New York,113059,439107,Regina Blevins
Brussels,128460,615221,Kristina Jackson
London,71579,213637,John Wilson
Brussels,77722,357221,Robert Dean
Brussels,52324,108399,Nathan Coleman
London,86125,310374,Elizabeth Clark
London,76575,269069,Penny Clark
London,46061,100614,Amy Jackson
London,89958,358703,Barbara Thornton
London,101181,447716,Amanda Ellison
New York,121184,380183,Chelsey Johnston
New York,57580,155803,Elizabeth Novak
New York,122903,527725,Jodi Briggs
London,87644,346038,Miranda Carr
New York,93659,379232,Melanie Martin
London,81859,224450,Mrs. Lisa Smith
New York,97604,353865,Jennifer Lee
London,99223,415361,Nicole Fernandez
London,100790,399584,Judith Williams
London,82876,322910,James Smith
London,91973,414291,John Clayton
New York,75155,311547,Gabrielle Hill
London,79042,280260,Helen Miller
New York,103816,417424,Jennifer Vargas
New York,112198,388412,Janice Scott
New York,104068,418629,Amber Kelley
London,77010,327159,Richard Mendez
Brussels,107821,463162,Elizabeth Suarez
Brussels,92038,440384,Brian Edwards
Brussels,93920,367763,Lisa Johnson
New York,91768,362685,Sarah Simmons
Berlin,106885,425075,Sandra Kelly
London,90970,328831,Phillip Baker
London,70523,288070,Travis Waters
New York,114278,491378,Abigail Johnson
Brussels,60365,63646,Suzanne Patel
London,67849,233465,Alejandro Davis
London,82344,299052,Jeffrey Williams
Berlin,90567,213723,Alexis Hawkins
New York,79247,120437,Amber Cook
Brussels,73426,314258,Christina Richards
Berlin,92602,278869,Alex Velez
London,86105,295034,Thomas Baker
London,138975,595815,Robert Adams
New York,103966,349657,Lisa Barker
New York,101638,416375,Shawn Phillips
Berlin,64852,159754,Shawn Rivera
New York,159148,761477,Stephen Chung
New York,86696,295931,Pamela Miles
Brussels,63239,182662,James Moore
New York,96834,331662,Christie Marquez
London,63499,211746,Patricia Gregory
London,65061,219573,Lisa Mendoza
New York,63279,152785,Roger Guerra
New York,70906,256821,Scott Reynolds
London,83333,343329,Tamara Mcbride
London,68670,226701,Benjamin Ramirez
New York,109349,493485,Jennifer Banks
New York,101331,458644,Ashley Smith
London,65696,243633,Larry Martin
New York,94434,337658,Melanie Mendoza
London,84005,351693,Nancy Chung
New York,62167,142214,John Gonzales
New York,65379,167291,Christopher Thomas
Brussels,83971,303019,Amanda Mullins
New York,85647,316473,Wesley Cervantes
London,103821,407630,Brian Harris
London,85461,364719,Jared Perez
New York,84953,246971,Beverly Baker
New York,123727,547272,Adam Fitzpatrick
Brussels,91935,468170,Dana Rice
New York,106116,431062,John Simmons
New York,115164,421642,Drew King
London,98137,448327,Adam Daniel
New York,118490,564904,Brett Johnson
Berlin,102068,354060,Brianna Jefferson
London,70726,228913,Vincent Clark
London,89014,358205,Richard Anderson
Brussels,96110,357346,Margaret Spencer
London,70315,249303,Paul Powell
New York,61659,176588,Pamela Hamilton MD
London,79578,260734,Jared Holmes
London,89078,390604,Amanda Anderson
London,79098,266030,Tyrone Briggs
London,63058,173092,Christopher Young
London,99431,452481,Andrea Stewart
London,85212,319099,Allen Santana
London,101007,400071,Mrs. Ashley Conner
Brussels,95102,425964,Ashley Clayton
Brussels,86346,388663,Annette Sanchez
London,106096,397578,Kaitlin Hernandez
New York,113863,454584,Marissa Parrish
New York,99925,392213,Rachael Valencia
London,94329,449624,Shawn Gregory
London,65117,198779,Victoria Martin
London,66866,221790,Jodi Mcgee
New York,102433,405146,Nathan Smith DVM
New York,86607,352945,Jacqueline Stewart
New York,75123,230053,Catherine Sutton
London,71530,232534,Kimberly Pearson
New York,109419,426714,Scott Hanson
Berlin,75475,191531,Stephanie Mcbride
Brussels,75338,294422,Brian Wang
London,114303,573030,John Brooks
London,80784,291935,Robert Church
London,92662,336624,Adrian Molina
Berlin,117597,445316,Michael Gibbs
London,54239,202394,Brett Davis
London,61295,272952,Jeffrey Carey
New York,99316,453160,Joshua Brown
London,87009,286705,Manuel Holmes
Brussels,100606,448856,William Colon
London,109056,499856,Devin Smith
New York,97942,250087,Anthony Williams
New York,91443,367517,Robert Perkins
New York,81077,258484,Patricia Armstrong
London,119585,559407,Dennis Grant
London,89280,366926,Brandon Bowen
New York,134965,579652,Ariel Brown
New York,101833,419123,Dustin Robinson
London,79682,245813,Katrina Robertson
New York,92565,338027,Jason Cox
New York,103221,426316,Cristina Jordan
Berlin,99989,270000,Jeremy Owens
New York,115137,408114,Erika Spencer
New York,90923,339227,Sharon Martin
New York,88798,367981,Amanda Smith
Berlin,75311,253107,Jessica Mcguire
Berlin,73249,190005,Loretta Hansen
New York,110778,467777,Joshua Singleton
Brussels,98175,415982,Tracy Kelly
London,86225,355956,Kyle Zamora
London,98213,358757,Amy Taylor
London,80935,109351,Lisa Martinez
New York,91174,394637,Javier Palmer
New York,105228,380142,Mary Hutchinson
London,92343,394846,Jessica Kent
London,96794,414797,James Brooks
New York,77365,240170,Jessica Roberts
Berlin,93360,283603,Lynn Ward
Berlin,81640,263083,Ian Johnson
New York,100890,294739,Darin Morales MD
London,65288,252876,Jessica Robinson
London,71737,257374,Patrick Lin
New York,83809,246233,Jesse Gray
New York,75904,243743,Bryan Eaton
New York,122390,537245,Donna Koch
New York,125590,605975,Barbara Morrison
New York,111706,490699,Valerie Wilson
London,76568,277676,Monica Schaefer
Brussels,58202,112018,James Ward
London,81063,336413,Eric Hunt
London,90991,358502,Sarah Gibson
New York,85754,275794,Daniel Mcclure
New York,81673,269284,Robert Mckinney
Brussels,52110,119346,Chelsea Smith
Berlin,113546,463478,Morgan Rivera
New York,98693,480147,Lindsay Hernandez
London,93347,311678,Ann Chavez
London,96086,439990,Alex Deleon MD
Berlin,86575,365240,Katherine Ward
New York,87782,247821,Hannah Hicks
Paris,92029,314419,Steven Edwards
New York,73662,186620,Lindsay Lara
Berlin,68058,164989,Shannon Bates
Berlin,112093,520934,Denise Rose
London,117292,505225,Taylor Hughes
London,90306,377104,David Warren
London,75508,271425,Joseph Calderon
London,97712,395169,Matthew Frazier
London,80981,314799,Sharon Goodwin
New York,85410,281207,Joshua Peterson
Brussels,69126,210938,Michael Richardson
Brussels,80726,309857,Amy Jimenez
New York,86539,259653,Angel Gibson
New York,115364,505324,Wendy Weaver
London,66655,246951,Walter Aguilar
New York,91013,300134,Sheila Trujillo
New York,88134,286398,Jonathon Lee
London,71034,186940,Paul Michael
London,108006,522042,Patricia Mcgee
New York,100667,335967,Laura Price
New York,136232,562813,Mark Woodward
New York,99592,303104,Krystal Guzman
London,103798,395075,Dominique Davis
New York,104327,433218,Melanie Freeman
London,92994,357145,Brandon Austin
Brussels,84829,368285,Lisa Melton
Brussels,69664,282671,Randy Berry
New York,67555,181517,Stephanie Martin
Berlin,108549,445491,Ashley Wright
New York,95075,366251,Wyatt Wilson
London,71847,254252,David Duke
New York,85750,259405,Tanya Sims
London,73280,254279,Valerie Williams
New York,80719,257189,Erin Williamson
New York,71981,150000,Samantha Gray
New York,86246,315357,Claudia Lowery
New York,128594,498153,Teresa Myers
London,105148,406963,Brian Fields
New York,82803,297174,Michael Houston
New York,74269,262687,Brian Adams
New York,67574,177919,Angela Hubbard
Berlin,121425,547429,Joan Lawson
Brussels,41660,85373,Gerald James
London,82438,329638,Kimberly Arellano
London,62139,221389,Angel Short
Brussels,93144,425338,Betty Mclaughlin
New York,122599,561462,Laura Carlson
New York,109385,453909,Anthony Robertson
New York,80737,287365,Sarah Powell
Brussels,105619,446683,Thomas Smith
Berlin,90976,314996,Cynthia Martin
London,99177,414662,Denise Fox
Brussels,58603,237511,William Taylor
London,67659,223730,Justin Parker
London,108936,549362,David Terry
New York,65862,162968,Joseph Smith
Berlin,112765,447901,Albert Parker
London,89841,367530,John Harper
New York,91966,352736,Jeffrey Brown
New York,83497,293838,Terri Meyer
London,69260,235948,Cindy Richards
London,98397,385423,John Newman MD
New York,87938,327497,Brian Bradford
New York,110900,340283,Julie Green
London,108730,418585,Christopher Lopez
New York,80657,299583,John Green
New York,86893,388930,Denise Thomas
London,109690,490694,Martin Robinson
New York,91366,341882,Alyssa Jackson
New York,80362,213923,Nicole Smith
Berlin,112719,421938,Gary Young
New York,76358,278259,Megan Wilson
London,113268,461828,Peter Gonzalez
New York,92681,220348,Gabriel Long
London,98385,427167,Kurt Nguyen
New York,90195,388290,James Stewart
London,84991,369914,Daniel White
London,88356,338025,Michael Francis
New York,89134,261337,Richard Mckenzie
New York,92500,247340,Thomas Salas
London,99467,446700,Matthew Landry
London,93388,413879,Tina Newton
London,100757,397455,Karen Fernandez
New York,76543,284888,Heidi Fuentes
New York,108397,461618,Daniel Welch
New York,146058,645654,Megan Wang
London,88996,309255,Yesenia Scott
London,71718,241703,Kathy Harris
New York,72218,240209,David Scott
New York,73385,268206,Elizabeth Stewart
London,99125,427947,Shane Taylor
London,76179,233240,Michael Smith
Berlin,100725,308371,Shawn Lester
New York,96135,291349,Larry Webb
New York,112491,490047,Matthew Carpenter
New York,103545,331295,Jennifer Skinner
London,62242,152023,Eugene Morton
London,71474,232808,Kathy Tucker
London,133210,538067,Pamela Dawson
Brussels,104646,489673,Christine Kaiser
London,77303,249313,Sabrina Mitchell
London,70699,226855,Austin Bird
Brussels,115123,475099,Kelly Jones
London,75887,248869,Jeffrey Bennett
New York,58310,128329,Ian Hart
London,72953,234089,Jeremy Smith
New York,91530,335765,Steven Robinson
New York,86061,270611,Amanda Schwartz
London,77702,255115,Jessica Lopez
London,109057,383472,David Becker
London,66742,244566,Tyler Lopez
New York,83353,276528,William Morrison
New York,109012,450120,Hayden Bryant
New York,75888,212423,Wayne Gardner MD
Brussels,83807,339765,Mark Fritz
London,65437,234374,Nicole Kaufman
New York,106229,429987,Jill Jackson
Brussels,104058,476123,Tracey Hall
Berlin,97621,343788,Cynthia Taylor
Brussels,118803,483101,Tony Wilson
New York,98589,425889,Casey Gordon
New York,69737,184496,Christina Beasley
London,65343,205662,Grace Cooper
Brussels,88189,396197,Angela Larsen
London,68077,266012,April Evans
London,88077,343438,Hunter Mckinney
New York,88639,346391,Patrick Green
London,85448,344820,Daniel Herrera
London,72260,266030,Stacey Martinez
New York,81774,151095,Denise Fox
New York,82786,327862,Jasmine Merritt
New York,81797,309886,Jeffrey Wood
London,95601,431195,Jennifer Williams
New York,93810,365485,Stacie Vasquez
New York,91216,234470,Sandra Hudson
New York,102090,429372,Jonathon Rodriguez
New York,83497,292677,Eric Ibarra
London,80500,251479,Michael Reed
London,84721,326801,Robert Scott
New York,54836,147143,Kenneth Fowler
London,94225,356212,Joshua Odonnell
New York,91866,268628,Traci Finley
New York,72637,243726,Jeremy Walters
Brussels,92925,378941,John Sanchez
New York,98910,419102,Arthur Lee
New York,88155,332890,Melissa Miller
New York,88297,290146,Nicole Dickerson
London,101477,375625,Emily Brown
New York,101130,375731,Jamie Webster
New York,102783,347838,Leah Bullock
New York,90262,260503,Kathleen Baker DDS
London,86840,342086,Roy Pruitt
New York,100356,362616,Mark Garcia
Brussels,110881,548810,Kimberly Little
London,90550,324364,Paul Nolan
New York,84555,268530,Tiffany Kim
London,120977,516508,Jay Obrien
New York,77227,254094,Brian Rollins
Berlin,95925,301433,Roger Tran
London,117348,601955,Melissa Valencia
New York,121176,611764,Tina Washington
New York,120498,505017,Karen Willis
Berlin,116390,463895,Joseph Dalton
New York,111682,506972,Alexander Thompson
London,47520,80805,Jason Fitzgerald
London,73636,276363,Luis Church
Brussels,46254,101072,Jessica Brown
London,88053,314953,Andrew Dickson
New York,99844,353387,Melinda Singh
Brussels,69146,305447,Elaine Rivera
London,87583,299867,Cheryl Bell
New York,107973,350057,Jeffrey Willis
London,116713,483733,Oscar King
New York,109584,400572,Vanessa Nunez
London,81501,311779,Adam Porter
Brussels,65109,223256,Stephen Sharp
New York,74240,177666,Lance Garza
London,105915,490904,Michael Graves
London,82929,267850,Morgan Knapp
New York,74037,229792,Sabrina Chambers
London,75540,282350,Sophia Thomas
Berlin,116295,502676,Karen Meyer
London,88113,340699,Kellie Becker
London,108067,472749,Mark Jimenez
New York,97139,340789,April Kim MD
New York,81477,311326,Amanda Ward
New York,78451,247742,Gregory Jennings
London,61383,173828,Emily Smith
London,58908,162368,April Turner
London,92884,375619,Jeremy Lambert
New York,62462,161487,Marissa Davidson
London,90781,387656,Sandra Marshall
New York,92495,364951,James Rodriguez
Brussels,87308,332728,Nathan Hernandez
London,68960,177818,Matthew Chavez
London,106265,392645,David Mendez
London,128803,559068,Brad Mcdonald
London,85842,378422,Maria Collins
London,99091,441632,Steven Sanders
New York,89731,299985,Christopher Lee
New York,106820,488197,Valerie Lee
London,72751,211886,John Watson
New York,87714,274220,Heather Martin
New York,86059,194659,David Anderson
New York,92369,404926,Gary Thomas
New York,59053,170258,Kristen Johnson
Brussels,80898,383597,Haley Flowers
Berlin,82999,237050,Jay Burton DDS
Brussels,94377,345531,Joanne Thomas
New York,96014,368711,Matthew Hernandez
London,117077,520968,William Livingston
Brussels,67564,274065,Briana Greer
New York,84365,277338,Brandon Montgomery
London,103085,373488,William Whitaker
Brussels,90586,323067,Karina Patterson
Brussels,64427,266525,Joseph Luna
Brussels,78179,361791,Kevin Jones
Brussels,105047,537609,Vanessa Reeves
Berlin,91192,366521,Benjamin Ware
London,99890,385147,Anna Calhoun
New York,89074,314409,Shannon Johnson
London,65868,158973,Richard Curtis
London,79385,310267,Angel Mckee
Brussels,81970,371982,Shannon Long
London,68995,158122,Andrew Morales
London,96180,297987,Cody Thomas
London,103675,440304,Clinton Flores
New York,133048,635944,Tiffany Conrad
Berlin,86651,346513,Joshua Rogers
London,70500,191408,Kyle Hoffman
New York,94117,312731,Jackson Harmon
New York,101756,429678,Robert Wells
London,85376,304025,Stuart Ewing
New York,111083,410532,Jacqueline Edwards
New York,70371,260114,Sydney Stone
London,103005,365567,Matthew Walker
Brussels,84404,384044,James Thompson
New York,73634,245750,Kristie Butler
London,105300,407879,Deanna Johnson
Brussels,81955,371255,Charles White
London,84154,331543,Stephanie Davis
London,78444,312307,Jesse Morrow
Berlin,92352,363517,Dr. Matthew Brown
New York,83265,352651,Mrs. Kathryn Martin MD
Brussels,76983,283208,Marcus Ritter
New York,87495,295993,Jacqueline Rogers
London,63494,274941,Derrick Valdez
New York,121228,541973,Richard Morris
Brussels,77844,315912,Andrew Garcia
New York,110413,491323,Brian Stuart
New York,98851,428507,Anna Davis
New York,97745,350432,Barbara Maxwell
New York,91740,345870,Kelly Weaver
London,86175,344225,Andrea Murphy
London,79322,313215,Alejandro Henderson
London,86840,308896,Wendy Burns
London,114529,444138,Yvette Anthony
New York,110302,523021,Crystal Mullins
London,109416,494920,Nichole White
London,74882,279154,Charles Elliott
Brussels,80819,296565,Ricky Cardenas
New York,78723,248040,Brian Acosta
Brussels,83605,377081,Jordan Oliver
Brussels,90202,377361,David Jones
Berlin,82926,241663,David Anderson
London,85390,353901,Kristi Morris
London,103148,418045,Brooke Lopez
New York,95317,232183,Derrick Garrison
London,60033,179379,Mike Wilson
New York,86477,323461,Richard Cervantes
New York,65244,192440,Ryan Cohen
London,110992,368446,Lauren Ellis
New York,82516,295155,Philip Martin
New York,86479,219666,Jason Barnes
London,67394,249658,Amanda Gomez
London,102506,350361,Michael Wilson
London,71958,279582,Donald Martin
London,74419,251868,Edward Garcia
New York,76117,253840,Teresa Mccormick
New York,107357,444785,Jennifer Green
London,77596,314899,Tracie Brown
London,75061,208125,Evelyn Fernandez
London,86874,358616,Virginia Davis
New York,118127,486365,John Davis
New York,82189,254275,Shane Pugh
London,96674,381370,Tara Gonzalez
Brussels,100288,391573,Christopher Hodges
New York,85097,340969,Elizabeth Hicks
New York,71439,199582,Casey Frederick
New York,102912,301665,Denise Mcfarland
London,101402,262246,Antonio Cook
New York,69041,245165,Patricia Moore
London,52736,95147,Laura Ortega
New York,66199,176848,Barry Barnett
New York,82433,266404,Desiree Morton
Berlin,97926,428515,Mallory Webb
London,79567,243998,Jordan Dorsey
Berlin,94202,305320,Shannon Stokes
London,69743,198929,Alexandra Phillips
New York,101368,311205,Rachel Murray
London,105261,460393,Brittney Bush DVM
London,96977,372840,Maria Briggs
London,53388,151086,Michelle Taylor
New York,108499,450963,Brandon Snow
London,75688,230891,Christina White
New York,92851,335983,Johnathan Thompson
New York,82496,364964,Debra Vega
Berlin,102089,426075,Zachary Ayala
London,88698,353032,Taylor Snyder
Brussels,98391,394217,Allen Walker
New York,90078,305607,Theodore Wright
Brussels,78893,368927,Jesse Barnett
Brussels,88664,241349,William Moore
New York,70218,187039,Barbara Perez
London,86616,309648,Jennifer Garcia
Berlin,110382,433815,Mason Flores
New York,62299,188266,Melody Smith
New York,70143,218183,Tiffany Garcia
London,109238,492384,Shannon Carter
London,97965,410984,Steven Hinton
Berlin,127447,519146,Seth Reyes
London,79011,282359,Trevor Horton
New York,83799,317948,Gary Williams
New York,96469,345720,Natasha Palmer
Berlin,92354,363543,Anne Davis
London,95336,423362,Edward Lara
New York,106614,440211,Kelly Jenkins
London,90574,343708,Thomas Mccall
New York,74307,254585,Jennifer Gay
Berlin,81939,243178,Gregory Lindsey
Brussels,53307,213069,Mr. Isaac Perry
Brussels,107522,499845,Erika Turner
New York,63899,238991,Jessica Short
London,60178,148629,Joanne Pacheco
London,79634,241531,Tammie Spence
New York,86783,357831,Michael Gray
Berlin,72665,246654,Jose Jones
London,111392,446608,Karen Nunez
New York,73051,269439,Mark Sims
New York,101117,386844,Jonathan Johnson
London,90104,250597,David Hicks
New York,75876,228762,Christopher Alvarez
New York,96422,417377,David Flowers
New York,84336,338670,Robin Hess
New York,132696,607671,Danielle Santiago
Brussels,79917,338192,Brandon Middleton
London,61272,207230,Christopher Franklin
London,104585,347409,Eric Weiss MD
Brussels,80665,347841,Edward Johnson
London,75566,275658,Anthony Bradford
London,95146,296512,Harry Wright
London,106138,454666,Justin Combs
Brussels,111804,438044,Joel Porter
London,90574,425738,Kristen Lopez
London,92809,374641,Amy Matthews
New York,81462,316802,Miranda Miller
New York,95349,368027,Cody Gross
New York,115183,496047,Jennifer Martin
New York,80151,310682,Jeffery Greene
New York,89033,229661,Bailey Wang
London,91361,365456,Misty Rivera
London,124207,490686,Steven Johnson
London,93536,265357,Stephanie Wheeler
London,104543,465434,Thomas Morrow
Brussels,90674,423653,Lori Sanchez
New York,97371,359808,Mr. Christopher Kelly
London,89397,350354,Chelsea Marquez
New York,71007,235255,Samuel Williams
New York,113331,462008,Renee Harris
New York,114533,566240,Mr. Frank Armstrong MD
New York,77058,262996,Frank Clark
New York,83450,354504,Cheryl Shepherd
London,129679,592181,Martha Berry
London,78641,251003,Jennifer Reyes MD
New York,91673,345588,Debbie Johnson
London,113309,505551,Kelly Moore
London,49029,99149,Eric Simmons
London,103368,493683,Levi Simpson
London,114338,563364,Cathy Carlson
Berlin,55308,113079,Monica Gay
New York,112318,543180,Brenda Mckinney
London,59535,188582,Dawn Ruiz
London,64541,253992,Gregory Taylor
New York,78216,235517,Jeffrey Smith
London,67049,214225,Douglas Rush
Brussels,86800,267544,Allison Small
Brussels,107497,527287,Shane Richardson
New York,115633,427042,Christine Ford
New York,104885,480090,Andres Alvarez
London,128015,560166,Jorge Long
New York,72560,153217,Corey Henson
Berlin,85242,245283,Michael Sweeney
New York,90225,362251,James Harrington
New York,106490,433034,Sandra Costa
London,86915,315708,Briana Lucas
London,117738,480246,Brianna Smith
London,76134,256435,Dale Lopez
London,60867,189762,Barry Nguyen
Brussels,56293,140608,Toni Smith
New York,97190,281889,Susan Russell
London,94397,416641,Brenda Miller
London,92787,451517,Debra Clark
New York,84152,381518,Thomas Herrera
London,74941,266156,Audrey Gonzalez
Paris,92538,305382,Michele Montes
London,73705,256836,Kimberly Torres
New York,84284,302835,Kelly Hall
New York,91802,323832,Kerri Henson
London,94479,305398,Danny Martinez
New York,116346,507455,Christopher Davis
Berlin,90831,302111,Gina Garcia
New York,73192,271921,Morgan Howard
New York,106907,422422,John Chen
New York,97784,377842,Natasha Taylor
New York,113072,366601,Bryan Cohen
New York,74226,178280,Amanda Miranda
London,89782,305026,Brian Day
New York,119694,472843,Anita Sherman
Brussels,103884,464633,Jennifer Farley
New York,77313,243127,Shannon Miller
London,102813,488129,Peter Gonzales
London,70049,227550,Dana Wright
London,89789,320356,Kathy Carroll
New York,82351,199738,Justin Johnston
Berlin,120955,413890,Martin Johnson
New York,110339,499277,Christopher Anderson
New York,90644,406442,Cheyenne Mckee
Berlin,69268,155184,Nicole Powers DDS
London,110872,510978,Jennifer Caldwell
Berlin,72418,204175,Mary Marks
London,97832,385915,Dawn Sanchez
London,88930,343879,Martha Smith
New York,79032,287240,Brandy Archer
London,74628,274074,Maria Potter
London,99365,416423,Fred Hunter
London,107515,357994,William Lee
Paris,96587,366637,Jodi Hicks
New York,89243,301309,Steven Greene
London,60578,179008,David Crane
London,79149,287004,Darius Dominguez
New York,85855,348551,Joseph Harris
New York,94675,366753,Jaime Duncan
New York,100056,420563,Scott Jackson
New York,135671,578150,Jasmine Webb
London,100242,351327,Amy Alexander
New York,90442,277729,Shane Blackwell
London,76365,298147,Jack Velazquez DDS
New York,79130,291589,Timothy Flores
London,89132,391320,Jennifer Morris
London,97288,361131,Jeremy Morrow
New York,67560,235596,Eugene Graham
Berlin,101419,328228,Mark Ramos
Brussels,83053,382030,April Allen
New York,84964,293724,Erin White
Berlin,84735,258815,Jessica Villa
New York,98141,333102,Stacey Gibson
London,104356,494027,Amanda Daniels
London,96518,444301,Wayne Gates
London,95835,329140,Jeffrey Young
New York,112283,470708,Misty Carter
London,98581,465810,Miss Brenda Kemp
Brussels,86960,436405,Dylan Lopez
London,105117,451331,Patrick Collins
New York,66095,240945,Kevin Shah III
London,82430,209951,Sonya Trujillo MD
New York,86275,323552,Shawn Day
New York,92642,344139,Amber Compton
London,78704,233764,Jennifer Escobar
London,94214,370617,Danielle Cummings
Brussels,72720,272837,Tiffany Riley MD
London,86520,335202,William Gomez
London,85166,366104,Michael Anderson
New York,63577,173739,Carol Miller
London,92805,448046,Melanie Cantrell
New York,98232,388747,Annette Walker
Berlin,96042,362522,Michael Martinez
London,106224,418829,Amy Morales
New York,129220,418925,Dawn Robinson
New York,70979,209785,Kelly Orr
New York,116949,360124,Jessica Beard
New York,109048,436199,Derrick Johnson
Brussels,78469,350671,Daniel Wilson
London,119409,507023,Anthony Gardner
London,79744,271175,Erin Sullivan
London,87556,325215,Laura Parker
London,69827,238138,Whitney Caldwell
London,85745,329483,Charles Brown
New York,105237,385206,Marcus Spencer
New York,103761,389133,Veronica Calhoun
New York,77699,268046,Angela Allen
Brussels,63283,168339,Jennifer Walter
London,87350,288436,Michael Williams
New York,74259,297072,Alec Wilson
New York,98483,433108,Jeremy Logan
New York,110858,460587,Matthew Alexander
Berlin,90118,270684,Kathleen Bright
London,94911,400392,Juan Burch
London,105171,457269,Kevin Bass
New York,111590,495904,Cynthia Perez
New York,75004,257053,Christopher Stark
Brussels,76346,227602,Mrs. Judy Nolan
London,117351,534780,Renee Douglas
London,73577,297758,Jennifer Hall
London,107303,504507,Danielle Andrews
London,85711,270960,Valerie Anderson
Berlin,76771,237706,Tamara Thompson
London,105175,431736,Cynthia Campbell
New York,108495,452183,Melanie Thompson
Berlin,97227,392294,Allison Owens
London,96253,442181,James Davis
New York,113304,471896,Kristine Rodriguez
London,96353,407367,Brian Ingram
New York,91256,329556,Elizabeth Garcia
London,98854,457299,David Parks
New York,84568,272085,Jessica Rich
New York,73722,250725,Bobby Fowler
Brussels,112273,525901,Heather Sanchez
London,92509,367191,Christina Wells
New York,83017,310166,Christopher Ellis
New York,96399,383881,Mr. James Lee Jr.
London,120815,588189,William Green
London,86363,368084,Thomas Galvan
Brussels,62740,257699,Beth Martinez
New York,111905,459575,Jennifer Guzman
New York,94471,350287,Michael Rivera
New York,62487,214119,Steven Collins
London,93077,415160,Michael Smith
New York,95739,260803,Anthony Simmons
New York,110886,483641,Jason Freeman
London,100774,434019,Michael Bennett
New York,64936,169358,David Anderson
New York,101586,412769,Fernando Patton
Berlin,82898,201243,Kathryn Grant
New York,129118,610023,Sara Wall
Berlin,74725,137249,Frederick Buchanan
London,78124,231239,Eric Rogers
New York,87410,356617,Grant Morales
Berlin,71042,174283,Andrea Scott
New York,83735,272203,Christine Hall
Brussels,75335,348360,Kimberly Wilson
New York,77036,238526,Shelly Jackson
New York,107818,427588,Perry Mason
London,66761,204059,Randy Richardson
Brussels,120147,538353,Felicia Ramirez
New York,127559,465587,Michael Bishop
Berlin,131252,520742,Susan Kelly
Berlin,92509,298713,Sean Clark
New York,77504,295040,Timothy Garrett
Brussels,90630,396301,Joshua Gibson
London,77162,204332,Brenda Miller
London,95302,357690,Brandon Young
Berlin,102443,374427,Jason Pittman
New York,101700,338099,Jennifer Walls
New York,119894,536112,Autumn Vargas
New York,84973,244982,Matthew Contreras
London,50739,127391,Ruben Rice
London,91805,407967,Paula Moore
London,95857,426029,Sarah Patton
New York,85691,356912,Amber Cross
London,84434,330514,Robert Flores
London,78273,324155,Erica Wells
New York,99474,454739,Samuel Howard
Berlin,57413,53067,Darryl Robles
New York,94980,347759,Jerry Franco
London,77405,239713,Melissa Osborne
Berlin,116759,417984,Tyler Brooks
London,112642,449967,Paige Wilson
London,88464,367525,Miranda Glover
London,60846,197352,Debbie Thompson
London,98999,396174,Mary White
London,72698,181481,Jessica Nguyen
New York,86298,278249,Shannon Yoder
London,101838,362642,Samuel Fitzpatrick
New York,92290,357007,Jeffery Butler
New York,70856,228557,Jason Dunn
Berlin,122701,459803,Sandra Prince
London,98001,460685,Abigail Riley
Brussels,72175,243539,Kathleen Mckinney
New York,67633,171932,Jose Hunter
London,143988,677672,Katherine Martin
New York,71352,170407,Marie Roman
London,138274,608986,Miss Deanna Chavez
London,101156,447111,William Durham
Berlin,80829,247537,Travis Howard
London,82517,303100,Stephen Barnes
New York,90531,296216,Robert White
London,96071,401703,Michael Duncan
London,79632,291056,George Peterson
London,102233,462334,James Rodriguez
Brussels,97326,411363,Jose Jacobs
London,96323,272845,Jason Luna
Berlin,73597,255967,Michael Snyder
New York,80772,272980,Karen Vargas
New York,89734,313503,Joshua Moore
New York,92848,385723,Matthew English
London,67253,213076,Jennifer Jones
Berlin,105922,387613,Joshua Foley
London,62443,226142,Kelly Butler
London,85081,374710,Daniel Velazquez
New York,85420,331719,Christina Phillips
New York,94776,300446,Gloria Leon
New York,74510,230272,Adam Thompson
London,89934,370609,Holly Miller
London,95216,399315,Micheal Robertson
London,119945,572559,Scott Cantu
London,69705,277048,Mario Parrish
London,108486,414238,Kimberly Thornton
New York,98615,444615,Valerie Brooks
London,89894,314335,Miss Michelle Ingram
Berlin,107326,396036,Christopher Massey
New York,99668,337032,Gina Williams
New York,100099,301413,Mary Davenport
New York,107426,457765,Jacqueline Park
New York,95622,370707,Jennifer Guerrero
New York,99848,342905,Erin Smith
London,76215,274910,Jesse Grant
Brussels,72716,282930,Brian Tran
London,84220,379938,Caleb Chan
London,81292,312922,Michael Moon
London,75866,231640,Molly Gomez
New York,80193,223778,Wendy Walsh
London,56010,97552,Calvin Nelson
New York,60030,128325,Brian Guerrero
Berlin,86461,318244,Shelly Flores
New York,129575,621486,Brian Frost
New York,111442,441106,Abigail Rivers
London,72385,192233,Jaclyn Gregory
Berlin,111061,453070,Elizabeth Obrien
Berlin,101270,322697,Ricky Jones
Brussels,71895,305898,Abigail Jenkins
New York,64718,177181,Jeff Young
London,123589,556354,Michael Price
London,76802,318534,Carol Nguyen
London,94520,425195,Kimberly Dunn
London,100112,392252,Terrence Shaw
New York,85660,316600,Evan Graham
London,86439,321843,Danny Evans
Brussels,86620,402418,Joshua Callahan
London,86213,233950,Becky Martin
New York,72745,238238,Mr. Mark Martinez
Brussels,67464,223983,Taylor Ryan
Berlin,91639,299176,Christopher Barrera
Brussels,95202,387682,Katherine Rollins
New York,59334,173340,Kevin Smith
New York,103774,396913,Rebecca Klein
Berlin,90590,309049,Joseph Ford
New York,93986,365605,Tyrone Garrett
Brussels,125558,590723,Kristin Moore
New York,109129,437983,Jessica Holmes
New York,87596,255357,Ronnie Harper
Berlin,119606,431633,Katherine Ryan
New York,112804,454416,Scott Farrell
New York,86388,330780,Tammy Maddox
London,65696,230873,Susan Wilson
New York,110110,327684,Kelly Reed
Berlin,100417,401208,Megan Schneider
New York,108222,372218,Rhonda Rich
New York,103480,407759,Amy Silva
Berlin,51599,76375,Kathy Watts DVM
London,90974,343053,David King
New York,104622,432866,Nathan Pierce
London,126113,571131,Denise Riggs
New York,109607,500406,Dana Sanchez
Brussels,84411,374111,Melissa May
London,92233,302086,Mark Davis
London,88566,341433,Laura Payne
London,91588,394603,Connie Carey
London,85057,337915,Alexandra Long
Brussels,59557,136311,Sheila Carpenter
London,72540,211754,Jennifer Peterson
New York,89262,350894,Evelyn Castro
New York,113433,470873,Patricia Moreno
New York,110633,435525,Michelle Woods
Berlin,73312,237554,Kevin Smith
New York,52178,129689,Elaine Davis
Berlin,80193,214293,Gregory Graham
New York,102796,448204,Jeremy Hill
London,102610,445923,Brianna Turner
London,97061,340611,Shawn Mullen
New York,106364,503644,Jason Williams
Brussels,79584,330836,Gary Baker
New York,107893,466895,Anna Lopez
London,87826,395069,Courtney Vargas
New York,101172,441945,Maria Anderson
New York,71116,164359,Nicholas Sullivan
New York,112567,431930,Victoria Rodriguez
London,65530,208889,Victor Allen
London,88057,362276,Donald Rodriguez
London,67368,213682,Mr. Daniel Sparks
London,113975,522712,Vernon May
New York,102935,377240,Lawrence Douglas
New York,98404,376435,Jason Martin
Brussels,59678,202325,Nicholas Flores
New York,110985,399847,Melissa Hernandez
New York,108280,429053,Mary Buchanan
London,104095,446255,Brandon Horton
New York,107842,498424,William Velez
London,75595,335949,Jennifer Munoz
New York,90828,360187,Sara Berry
New York,101447,347286,Allison Collins
New York,90898,388981,Jaime Ortiz
Brussels,114440,392890,John Skinner
London,86708,287512,Nathan Oneill
New York,79599,250255,Victoria Reyes
New York,89173,358117,Robert Patterson
New York,81369,293685,Daniel Pierce
Berlin,99713,407520,Theresa Mcdonald
London,110095,500953,Jennifer Clark
Brussels,91068,307717,Jason Coleman
Brussels,85560,413039,John Ryan
New York,74057,254524,Jerry Cox
New York,140740,606125,Leslie Rojas DDS
London,102820,463503,April Gray
New York,85727,377268,Janet Oneal
New York,86396,311189,Mary Sanchez
London,111642,506418,Cynthia Taylor
New York,84520,266323,Shannon Hopkins
Berlin,109082,400822,Jessica Williams
London,75542,298286,Marcus Adams
Brussels,96879,468787,James Wilson
New York,78188,284560,David Bell
London,56917,189174,Adrian Dickerson
London,86397,292413,Taylor Brown
London,72982,309822,Kristen Morgan
New York,90750,292718,Lance Simmons
New York,80182,245208,Patricia Stewart
London,65611,191799,Troy Thompson
Brussels,48571,84905,Nicholas Leach
New York,90987,320230,Victor Freeman
London,88298,402773,William Davis
New York,84898,203509,Joseph Brown
New York,101468,407663,Ana Thornton
New York,88070,353824,Savannah Flores
New York,76861,214382,John Sandoval
New York,67380,218699,Jim Gonzalez
New York,109988,446283,Jill Tran
London,78108,315024,Laura George
New York,77455,228234,David Carson
New York,97302,390870,Heather Navarro
London,102647,466472,Tracy Walter
London,120715,550561,Shane Parker
New York,115905,533460,Robert Thompson
London,110994,510497,Dylan Wood
London,66960,201139,Patricia Cole
New York,89008,374772,Steven Schultz
London,102782,385129,Dakota Nelson
Brussels,73447,281414,Susan Duke
London,90957,318381,Greg Daniel
New York,90349,310658,Tina Edwards
Brussels,67926,223319,Kara Bauer
New York,99517,362765,Janice French
London,82780,319843,David Jones MD
London,92324,348726,William Peterson
London,89156,431558,Michael Kim
New York,100245,316246,Jason Jackson
New York,86134,321336,Pamela Obrien
Berlin,103209,373067,Tracy Cox
New York,94884,358823,Sue Cooper
New York,96361,339365,Matthew Garcia
Brussels,98578,345781,Deborah Arnold
Brussels,87714,385923,Donald Morgan
New York,96026,333042,Mariah Rivera
London,81455,264545,Dr. Tanya Garrison
London,87527,282658,Kenneth Miles
Brussels,72642,241375,Alexa Smith
London,97993,410671,Gabriel Howell
London,91735,333017,Chad Fisher
London,72103,207031,Paul Bradley
London,70379,280168,Rebecca Hudson
Brussels,78706,277235,Henry Scott
New York,114581,520866,Emily Thomas
New York,88117,341173,Megan Gray
London,68353,175274,Ryan Lozano
New York,99417,313247,Caroline Walker
London,51072,150716,Nathan Johnson
London,89281,348428,Cassandra Jones
Brussels,75139,310468,Crystal Johnson
New York,70083,177953,Mary Reyes
New York,68648,103703,Nicole Martinez
New York,108354,450011,Matthew Gallagher
New York,79035,330354,Nicole Evans
London,108444,364436,Timothy Fields
